,TS代码,公告日期,报告期,基本每股收益,稀释每股收益,每股营业总收入,每股营业收入,每股资本公积,每股盈余公积,每股未分配利润,非经常性损益,扣除非经常性损益后的净利润,毛利,流动比率,速动比率,保守速动比率,应收账款周转率,流动资产周转率,固定资产周转率,总资产周转率,经营活动净收益,息税前利润,息税折旧摊销前利润,企业自由现金流量,股权自由现金流量,无息流动负债,无息非流动负债,带息债务,净债务,有形资产,营运资金,营运流动资本,全部投入资本,留存收益,期末摊薄每股收益,每股净资产,每股经营活动产生的现金流量净额,每股留存收益,每股现金流量净额,每股息税前利润,每股企业自由现金流量,每股股东自由现金流量,销售净利率,销售毛利率,销售成本率,销售期间费用率,净利润/营业总收入,销售费用/营业总收入,管理费用/营业总收入,财务费用/营业总收入,资产减值损失/营业总收入,营业总成本/营业总收入,营业利润/营业总收入,息税前利润/营业总收入,净资产收益率,加权平均净资产收益率,净资产收益率(扣除非经常损益),总资产报酬率,总资产净利润,投入资本回报率,年化净资产收益率,年化总资产报酬率,资产负债率,权益乘数,权益乘数(杜邦分析),流动资产/总资产,非流动资产/总资产,有形资产/总资产,带息债务/全部投入资本,归属于母公司的股东权益/全部投入资本,流动负债/负债合计,非流动负债/负债合计,经营活动产生的现金流量净额/流动负债,产权比率,归属于母公司的股东权益/负债合计,归属于母公司的股东权益/带息债务,有形资产/负债合计,有形资产/带息债务,有形资产/净债务,经营活动产生的现金流量净额/负债合计,营业周期,年化总资产净利率,总资产净利率(杜邦分析),固定资产合计,利润总额／营业收入,销售费用／营业总收入 (单季度),营业总成本／营业总收入 (单季度),净资产收益率(单季度),净资产单季度收益率(扣除非经常损益),总资产净利润(单季度),经营活动产生的现金流量净额／营业收入(单季度),基本每股收益同比增长率(%),稀释每股收益同比增长率(%),每股经营活动产生的现金流量净额同比增长率(%),营业利润同比增长率(%),利润总额同比增长率(%),归属母公司股东的净利润同比增长率(%),归属母公司股东的净利润-扣除非经常损益同比增长率(%),经营活动产生的现金流量净额同比增长率(%),净资产收益率(摊薄)同比增长率(%),每股净资产相对年初增长率(%),资产总计相对年初增长率(%),归属母公司的股东权益相对年初增长率(%),营业总收入同比增长率(%),营业收入同比增长率(%),营业收入同比增长率(%)(单季度),营业利润环比增长率(%)(单季度),净资产同比增长率
0,600000.SH,20190430,20190331,0.53,0.53,1.7063,1.7063,2.7855,3.738,5.3069,22000000.0,16437000000.0,,,,,,,,0.0078,12968000000.0,,,,,,,,,,,,,265485000000.0,0.5607,15.6268,6.32,9.0449,-1.4941,,,,33.1942,,,,33.1942,,24.379,,,,38.5852,,3.4284,3.47,3.4238,,0.259,,13.7136,,92.4334,13.216,13.3719,,,,,,,,,12.216,0.0807,,,,,0.0306,,1.036,0.2564,26403000000.0,38.5692,,,3.4284,3.4238,0.259,370.244,15.2174,15.2174,480.7229,12.9787,12.9253,15.0577,15.22,751.9231,0.8395,3.85,4.1333,3.6127,27.0168,27.0168,27.0168,33.9688,14.0998
1,600000.SH,20190326,20181231,1.85,1.85,5.8443,5.8443,2.7855,3.738,4.7768,271000000.0,55643000000.0,,,,,,,,0.0276,47226000000.0,,,,,,,,,,,,,249925000000.0,1.9049,15.0464,-11.53,8.5148,1.3691,,,,32.9453,,,,32.9453,,25.1215,,,,38.0915,,12.4674,13.14,12.4069,,0.9096,,12.4674,,92.3941,13.1477,13.8543,,,,,,,,,12.1477,0.0811,,,,,-0.0582,,0.9096,0.8999,26492000000.0,38.0572,,,2.7417,2.7206,0.2076,53.3815,0.5435,0.5435,-140.7098,-7.0181,-6.5074,3.0521,2.95,-140.5295,-7.035,11.73,2.4826,10.8504,1.7335,1.7335,2.9781,-13.9012,10.8504
2,600000.SH,20181031,20180930,1.44,1.44,4.3305,4.3305,2.7855,3.738,4.3764,173000000.0,43034000000.0,,,,,,,,0.0208,36893000000.0,,,,,,,,,,,,,238173000000.0,1.472,14.4947,-12.34,8.1144,2.2257,,,,34.3516,,,,34.3516,,23.933,,34.6726,,40.0585,,9.8112,10.48,9.7719,,0.7143,,13.0816,,92.4122,13.1791,13.8815,,,,,,,,,12.1791,0.0809,,,,,-0.0643,,0.9524,0.7068,25354000000.0,40.0389,,,3.2666,3.2586,0.2424,-543.9636,-0.6897,-0.6897,-268.3582,-6.7794,-7.0329,3.139,4.19,-268.0263,-5.4701,7.57,-0.7829,7.0437,1.3055,1.3055,8.2726,-1.7879,9.1073
3,600000.SH,20180830,20180630,0.95,0.95,2.8024,2.8024,2.7855,3.738,3.879,137000000.0,28432000000.0,,,,,,,,0.0135,24517000000.0,,,193281960012.88,,,,,,,,,,223573000000.0,0.9733,14.0002,-4.02,7.617,0.5059,,,,35.1342,,,,35.1342,,24.2791,,32.738,,41.5337,,6.5959,6.97,6.5643,,0.4726,,13.1918,,92.6553,13.6153,14.117,,,,,,,,,12.6153,0.0781,,,,,-0.0209,,0.9452,0.4672,31543000000.0,41.5301,,,3.2826,3.26,0.2363,-162.7372,-2.0619,-2.0619,55.8727,-6.8365,-7.0474,1.4344,2.95,53.8738,-10.9617,3.93,-0.7411,3.6321,-2.1286,-2.1286,3.7153,-0.2689,13.9222
4,600000.SH,20180428,20180331,0.46,0.46,1.3501,1.3501,2.7855,3.2093,4.0346,39000000.0,14266000000.0,,,,,,,,0.0065,14831000000.0,,,,,,,,,,,,,212621000000.0,0.4874,13.5698,-1.66,7.2438,0.7366,,,,36.4859,,,,36.4859,,24.4266,,30.7174,,43.1628,,3.3516,3.45,3.3425,,0.2357,,13.4064,,92.9103,14.105,14.3743,,,,,,,,,13.1049,0.0752,,,,,-0.0086,,0.9428,0.2332,26032000000.0,43.1654,,,3.3516,3.3425,0.2357,-122.9529,-6.1224,-6.1224,82.1505,-9.8883,-10.0489,-1.0856,1.86,75.7551,-12.2098,0.74,-0.0692,0.662,-7.7215,-7.7215,-7.7215,4.573,12.6714
5,600000.SH,20180428,20171231,1.84,1.84,5.7447,5.7447,2.7855,3.2093,4.0817,212000000.0,54046000000.0,,,,,,,,0.0281,56358000000.0,,,294476533424.987,,,,,,,,,,214005000000.0,1.8485,13.4738,-4.79,7.291,-3.4053,,,,32.6191,,,,32.6191,,24.343,,32.7869,,41.6768,,13.6782,14.45,13.6247,,0.9171,,13.6782,,92.9775,14.2399,15.1188,,,,,,,,,13.24,0.0746,,,,,-0.0247,,0.9171,0.9047,25140000000.0,41.4117,,,2.9346,3.0236,0.2066,-96.4379,-0.5405,-0.5405,46.0646,0.9017,-0.2101,2.1827,4.56,26.7301,-11.6185,11.97,4.78,15.6156,4.8763,4.8763,10.0374,-8.8137,15.6156
6,600000.SH,20171028,20170930,1.45,1.45,4.2507,4.2507,2.7855,3.2093,3.6944,587000000.0,41305000000.0,,,,,,,,0.0209,45253000000.0,,,,,,,,,,,,,202637000000.0,1.4272,13.1997,-3.35,6.9037,-4.7196,,,,33.9799,,,,33.9799,,23.4635,,32.1757,,43.2146,,10.669,11.51,10.5195,,0.7113,,14.2253,,93.0292,14.3456,15.1802,,,,,,,,,13.3455,0.074,,,,,-0.0174,,0.9484,0.7028,25275000000.0,43.8758,,,3.4132,3.4033,0.2316,380.6491,0.6944,0.6944,51.6525,0.7587,1.9632,2.9743,4.01,34.3209,-11.2242,9.73,3.5268,13.4288,3.1754,3.1754,6.8583,2.019,15.9937
7,600000.SH,20170830,20170630,0.97,0.97,2.9659,2.9659,2.4264,3.3518,3.3708,547000000.0,27618000000.0,,,,,,,,0.0142,29627000000.0,,,340007111779.271,,,,,,,,,,188932000000.0,1.0022,12.7049,-9.11,6.7226,-3.3933,,,,34.2179,,,,34.2179,,23.0775,,32.5959,,43.1653,,7.4617,7.85,7.3167,,0.4845,,14.9234,,93.3703,15.0836,15.5945,,,,,,,,,14.0836,0.0701,,,,,-0.0464,,0.969,0.4785,22924000000.0,44.0903,,,3.573,3.5492,0.2351,-134.3026,2.1053,2.1053,-46.9118,2.1028,4.0456,5.2111,5.4,-90.9943,-6.0819,5.57,0.9925,5.1725,1.4384,1.4384,2.5337,-4.4246,12.0243
8,600000.SH,20170427,20170331,0.63,0.63,1.9595,1.9595,3.4544,3.64,5.1276,456000000.0,14006000000.0,,,,,,,,0.0072,15105000000.0,,,,,,,,,,,,,189537000000.0,0.669,16.1967,-9.3,8.7676,-4.7774,,,,34.5774,,,,34.5774,,22.5236,,32.958,,43.4301,,3.8668,3.96,3.7449,,0.2494,,15.4672,,93.4585,15.287,15.7043,,,,,,,,,14.2871,0.069,,,,,-0.0365,,0.9976,0.2462,21564000000.0,44.8938,,,3.8668,3.7449,0.2494,-474.4334,0.0,0.0,-79.9187,-0.1953,3.0676,3.8788,2.37,-97.8441,-6.0813,3.58,0.5532,3.2923,0.4006,0.4006,0.4006,13.9274,10.605
9,600000.SH,20170401,20161231,2.404,2.404,7.4379,7.4379,3.4544,3.64,4.5016,1412000000.0,51687000000.0,,,,,,,,0.0295,59997000000.0,,,317018583136.835,,,,,,,,,,176005000000.0,2.4562,15.6364,-8.881,8.1416,-0.7991,,,,33.3835,,,,33.3835,,23.1591,,30.5388,,43.3231,,15.5461,16.35,15.1327,,0.9848,,15.5461,,93.633,15.706,15.9586,,,,,,,,,14.7059,0.0671,,,,,-0.035,,0.9848,0.9741,21605000000.0,43.519,,,3.4124,3.2912,0.2196,-105.8549,-0.7432,-0.7432,-150.79,5.4384,4.6324,4.9304,4.29,-153.5068,-10.1204,12.47,16.1153,16.7456,9.7182,9.7182,5.1321,-11.6292,16.7456
10,600000.SH,20161029,20160930,1.873,1.873,5.5939,5.5939,3.4544,3.64,3.9685,971000000.0,39711000000.0,,,,,,,,0.0228,47526000000.0,,,,,,,,,,,,,164481000000.0,1.8819,15.26,-6.929,7.6085,1.4044,,,,34.0186,,,,34.0186,,21.3772,,30.9978,,44.2511,,12.0543,12.86,11.7666,,0.7756,,16.0724,,93.4474,15.2611,15.7169,,,,,,,,,14.2611,0.0692,,,,,-0.0288,,1.0341,0.767,20977000000.0,44.3975,,,3.9453,3.8307,0.2578,-40.6285,3.4235,3.4235,-148.25,10.6511,9.5918,9.472,9.09,-150.8395,-8.6448,9.77,10.3072,14.1641,11.3189,11.3189,2.175,8.729,19.8311
11,600000.SH,20160811,20160630,1.229,1.229,3.8011,3.8011,3.4544,3.64,3.3261,567000000.0,26203000000.0,,,,,,,,0.0158,31771000000.0,,,198814625049.544,,,,,,,,,,150592000000.0,1.2383,14.5953,-6.201,6.966,0.7245,,,,32.9066,,,,32.9066,,20.3573,,32.264,,42.8844,,8.1046,8.59,7.9329,,0.5192,,16.2092,,93.4788,15.3346,15.7667,,,,,,,,,14.3345,0.0688,,,,,-0.0267,,1.0384,0.514,20781000000.0,42.9854,,,3.7291,3.6342,0.2454,-81.2111,5.4936,5.4936,-160.39,12.9057,12.0409,11.9943,11.66,-163.6229,-7.3757,4.98,6.4813,9.605,16.2247,16.2247,6.0223,-8.8266,20.9124
12,600000.SH,20160430,20160331,0.696,0.696,2.1468,2.1468,3.8998,3.2387,5.2797,240000000.0,13682000000.0,,,,,,,,0.0082,16401000000.0,,,,,,,,,,,,,167413000000.0,0.7084,15.9619,-5.169,8.5184,-0.5242,,,,33.2654,,,,33.2654,,18.8381,,31.4878,,43.6894,,4.2265,4.5,4.1537,,0.2733,,16.906,,93.3368,15.0078,15.5927,,,,,,,,,14.0078,0.0704,,,,,-0.0208,,1.0932,0.2711,20074000000.0,43.7321,,,4.2265,4.1537,0.2733,-240.7622,16.0,16.0,-18.4735,25.5141,24.7195,24.3702,23.58,-24.808,3.332,4.38,3.6403,9.0269,27.8864,27.8864,27.8864,4.106,20.3598
13,600000.SH,20160407,20151231,2.665,2.665,7.8566,7.8566,3.2509,3.4124,4.8609,1043000000.0,49561000000.0,,,,,,,,0.0317,62650000000.0,,,-272633561927.12,,,,,,,,,,154321000000.0,2.7129,15.2924,19.237,8.2733,4.0692,,,,34.7984,,,,34.7984,,21.8588,,26.4722,,45.0815,,17.591,18.82,17.2285,,1.1038,,17.591,,93.684,15.8328,16.0606,,,,,,,,,14.8329,0.0667,,,,,0.0759,,1.1038,1.0953,19062000000.0,45.6343,,,4.3683,4.2763,0.2741,169.2521,5.712,5.712,87.71,6.9894,7.814,7.6086,6.24,87.7086,-11.1704,16.32,20.2203,21.1405,18.9713,18.9713,13.4998,3.242,21.1405
14,600000.SH,20151030,20150930,1.992,1.992,5.8238,5.8238,3.2509,3.4124,4.1884,760000000.0,36402000000.0,,,,,,,,0.0241,45221000000.0,,,,,,,,,,,,,141778000000.0,1.9923,14.4934,15.796,7.6008,9.0948,,,,34.4972,,,,34.4972,,20.3522,,28.4907,,44.5182,,13.2619,14.37,12.9906,,0.8311,,17.6825,,93.7043,15.8839,16.0921,,,,,,,,,14.8838,0.0664,,,,,0.0652,,1.1081,0.8241,17357000000.0,45.0972,,,4.5256,4.4153,0.2832,221.3229,6.7524,6.7524,488.52,5.7441,6.8274,6.7904,5.38,488.4739,-17.7244,10.25,14.936,15.4115,21.0074,21.0074,23.4331,3.7821,29.7961
15,600000.SH,20150820,20150630,1.281,1.281,3.7903,3.7903,3.2509,3.4124,3.478,437000000.0,23466000000.0,,,,,,,,0.0161,29140000000.0,,,-167451081329.696,,,,,,,,,,128527000000.0,1.2815,13.7123,11.295,6.8904,1.0905,,,,34.124,,,,34.124,,20.2147,,28.7011,,44.1451,,8.7578,9.37,8.5977,,0.5483,,17.5156,,93.7226,15.9302,16.1206,,,,,,,,,14.9301,0.0662,,,,,0.0488,,1.0966,0.5433,15091000000.0,44.5906,,,4.45,4.3401,0.2894,774.5479,5.4321,5.4321,793.3702,4.8862,5.6891,5.5041,4.47,793.434,-19.38,4.31,9.7193,9.8117,19.7449,19.7449,19.9389,12.5221,30.8659
16,600000.SH,20150430,20150331,0.6,0.6,1.7687,1.7687,3.2509,2.6616,4.7876,123000000.0,11071000000.0,,,,,,,,0.0078,13608000000.0,,,,,,,,,,,,,138950000000.0,0.6001,13.7015,-4.363,7.4492,-1.2885,,,,34.279,,,,34.279,,19.6538,,28.2289,,44.5152,,4.1029,4.47,4.0578,,0.2676,,16.4116,,93.215,14.7384,15.4881,,,,,,,,,13.7384,0.072,,,,,-0.0205,,1.0704,0.2649,15564000000.0,44.8425,,,4.1029,4.0578,0.2676,-246.7006,4.5296,4.5296,-2.2978,4.8476,5.1532,4.5191,4.37,-2.313,-20.6667,4.22,1.4159,9.7341,19.5239,19.5239,19.5239,-8.3099,31.7468
17,600000.SH,20150319,20141231,2.521,2.521,6.6038,6.6038,3.2509,2.6616,4.19,376000000.0,46650000000.0,,,,,,,,0.0313,59189000000.0,,,-112221070933.419,,,,,,,,,,127804000000.0,2.5211,13.1458,10.248,6.8517,-4.1458,,,,38.4475,,,,38.4475,,23.1164,,19.6402,,50.1303,,20.2461,21.02,20.0842,,1.2026,,20.2461,,93.7252,15.9368,16.9544,,,,,,,,,14.9368,0.0662,,,,,0.0486,,1.2026,1.1942,13929000000.0,50.3568,,,4.9753,4.9269,0.2991,422.321,14.9043,14.9043,-38.02,15.3728,15.1925,14.9162,15.48,-38.0174,-9.7279,19.98,14.0158,27.2998,23.1625,23.1625,21.316,0.2504,27.2998
18,600000.SH,20141031,20140930,1.866,1.866,4.8128,4.8128,3.2509,2.6616,3.543,257000000.0,34542000000.0,,,,,,,,0.0235,44025000000.0,,,,,,,,,,,,,115735000000.0,1.8656,12.4021,2.684,6.2046,-5.3805,,,,39.1732,,,,39.1732,,23.0192,,18.9901,,50.944,,15.9734,15.92,15.8555,,0.921,,21.2979,,94.0733,16.8728,17.5271,,,,,,,,,15.8727,0.0622,,,,,0.0135,,1.228,0.9114,12323000000.0,51.0833,,,5.4011,5.3731,0.3119,261.8061,16.6979,16.6979,-81.62,16.9518,16.9753,16.7047,16.85,-81.6215,-1.2584,13.19,7.5138,13.1919,23.8641,23.8641,18.379,1.4413,18.192
19,600000.SH,20140814,20140630,1.215,1.215,3.1653,3.1653,3.1827,2.6616,2.892,194000000.0,22462000000.0,,,,,,,,0.0155,28173000000.0,,,71726313520.3996,,,,,,,,,,103592000000.0,1.2146,11.7039,-1.629,5.5536,-5.0062,,,,38.7294,,,,38.7294,,22.758,,19.8262,,50.3989,,10.72,10.52,10.6282,,0.6009,,21.44,,94.3688,17.7582,18.0047,,,,,,,,,16.7582,0.0589,,,,,-0.0082,,1.2018,0.5954,10857000000.0,50.5208,,,5.4923,5.4504,0.3144,156.3723,16.9394,16.9394,-112.09,17.2135,17.3031,16.8678,16.61,-112.0875,-0.0527,6.82,6.7957,6.8193,26.9251,26.9251,28.294,12.4438,16.9295
20,600000.SH,20140430,20140331,0.574,0.574,1.4798,1.4798,3.0767,2.0083,3.9536,103000000.0,10607000000.0,,,,,,,,0.0074,13256000000.0,,,,,,,,,,,,,111207000000.0,0.5742,11.6174,-4.265,5.9619,-5.1897,,,,39.1566,,,,39.1566,,25.4837,,16.3937,,50.7463,,5.087,5.09,5.0381,,0.2913,,20.348,,94.1281,17.0303,17.6231,,,,,,,,,16.0304,0.0615,,,,,-0.0226,,1.1652,0.2887,10667000000.0,50.9709,,,5.087,5.0381,0.2913,-288.2001,20.3354,20.3354,-179.22,20.2627,20.7432,20.2965,19.64,-179.2147,3.7253,6.02,1.6406,6.0301,25.4009,25.4009,25.4009,-2.8506,15.9761
21,600000.SH,20140320,20131231,2.194,2.194,5.3619,5.3619,2.9901,2.0083,3.3795,525000000.0,40397000000.0,,,,,,,,0.0293,52726000000.0,,,-237721520028.227,,,,,,,,,,100497000000.0,2.1939,10.9567,16.534,5.3877,-1.397,,,,41.1938,,,,41.1938,,25.8261,,13.072,,53.515,,21.4323,21.53,21.1574,,1.2072,,21.4323,,94.369,17.7588,17.8747,,,,,,,,,16.7589,0.0588,,,,,0.0888,,1.2072,1.199,10735000000.0,53.8409,,,5.5506,5.4161,0.3078,130.634,19.6721,19.6721,233.15,20.4957,20.3222,19.704,19.7,233.131,3.9613,15.14,16.9888,15.1428,20.5697,20.5697,24.4824,5.1028,15.1428
22,600000.SH,20131031,20130930,1.599,1.599,3.8855,3.8855,3.1219,2.0083,2.7842,256000000.0,29562000000.0,,,,,,,,0.0215,37951000000.0,,,,,,,,,,,,,89394000000.0,1.5986,10.4932,14.605,4.7925,-5.1458,,,,41.4007,,,,41.4007,,26.8582,,11.4409,,53.955,,15.9785,15.93,15.8413,,0.8904,,21.3047,,94.4796,18.1146,18.0578,,,,,,,,,17.1145,0.0576,,,,,0.0802,,1.1872,0.8849,10274000000.0,54.0916,,,5.4556,5.386,0.2975,81.1472,14.1328,14.1328,757.6,14.8424,14.6048,14.1315,14.3146,757.5944,-1.049,10.27,14.2491,10.2717,19.1468,19.1468,24.6411,-0.1601,15.3423
23,600000.SH,20130814,20130630,1.039,1.039,2.4939,2.4939,3.1973,2.0083,2.2249,123000000.0,19263000000.0,,,,,,,,0.0141,24507000000.0,,,-216891838137.56,,,,,,,,,,78961000000.0,1.0393,10.0093,13.476,4.2332,-4.4642,,,,41.9236,,,,41.9236,,27.9913,,9.7661,,54.5746,,10.6458,10.45,10.5782,,0.5897,,21.2916,,94.5501,18.349,18.1607,,,,,,,,,17.349,0.0569,,,,,0.0766,,1.1794,0.5862,10060000000.0,54.6649,,,5.6126,5.5666,0.3069,615.9261,13.0435,13.0435,1097.87,12.801,12.7822,12.7552,13.17,1097.556,-2.1457,5.18,10.2595,5.1871,16.2892,16.2892,21.9678,17.9703,15.2278
24,600000.SH,20130427,20130331,0.477,0.477,1.18,1.18,3.2171,1.4608,3.1035,37000000.0,8866000000.0,,,,,,,,0.0067,11201000000.0,,,,,,,,,,,,,85137000000.0,0.4773,10.017,5.384,4.5643,-5.0548,,,,40.666,,,,40.666,,30.2621,,9.4362,,52.9145,,4.8871,4.89,4.8668,,0.2732,,19.5484,,94.4518,18.0239,17.9874,,,,,,,,,17.0239,0.058,,,,,0.0312,,1.0928,0.2717,10043000000.0,52.9372,,,4.8871,4.8668,0.2732,456.2355,12.766,12.766,33.2,13.0118,12.9289,12.7819,12.4381,33.1892,-5.1996,5.27,8.3355,5.2683,10.558,10.558,10.558,12.3326,18.9692
25,600000.SH,20130314,20121231,1.833,1.833,4.4471,4.4471,3.1931,1.4608,2.6262,438000000.0,33748000000.0,,,,,,,,0.0285,43764000000.0,,,-22824139294.8116,,,,,,,,,,76234000000.0,1.8327,9.5157,4.963,4.087,-1.0966,,,,41.3625,,,,41.3625,,28.7082,,9.7876,,53.5478,,20.9481,20.95,20.6797,,1.177,,20.9481,,94.2888,17.5095,17.8634,,,,,,,,,16.5093,0.0598,,,,,0.0312,,1.177,1.1727,10101000000.0,53.9517,,,4.6431,4.5438,0.2567,274.8903,25.3425,25.3425,-51.22,24.2246,24.8751,25.2877,24.76,-51.2177,5.0952,19.22,17.1719,19.2135,22.1355,22.1355,18.8683,-10.1861,19.2135
26,600000.SH,20121031,20120930,1.401,1.401,3.2611,3.2611,3.2067,1.4607,2.194,265580000.0,25860222000.0,,,,,,,,0.0209,33388477000.0,,,,,,,,,,,,,68173622000.0,1.4006,9.0972,1.703,3.6547,-0.9396,,,,43.1365,,,,43.1365,,28.0854,,8.0522,,55.9769,,16.4011,16.31,16.2344,,0.9006,,21.8681,,94.5391,18.312,18.2899,,,,,,,,,17.3119,0.0571,,,,,0.0107,,1.2008,0.8967,9360267000.0,56.2355,,,5.3857,5.3292,0.2905,51.7449,31.3027,31.3027,-5.85,29.8307,30.3807,31.22,30.6407,-5.8503,7.9235,13.97,17.0407,13.9728,23.3687,23.3687,19.4046,-5.3782,21.5862
27,600000.SH,20120815,20120630,0.922,0.922,2.1445,2.1445,3.2748,1.4607,1.7151,171852000.0,17021130000.0,,,,,,,,0.014,21957040000.0,,,-14549534703.8022,,,,,,,,,,59240803000.0,0.9217,8.6863,1.125,3.1759,-1.7164,,,,43.1612,,,,43.1612,,28.7683,,7.1289,,56.262,,11.0594,10.86,10.9488,,0.6036,,22.1188,,94.6024,18.5268,18.4005,,,,,,,,,17.5267,0.0564,,,,,0.0073,,1.2072,0.601,9034992000.0,56.3642,,,5.8286,5.7263,0.3196,-278.0564,33.3333,33.3333,115.11,32.8725,33.1163,33.4908,33.14,115.2499,9.7619,8.82,13.1016,8.8255,25.5385,25.5385,20.5471,18.3804,21.6186
28,600000.SH,20120428,20120331,0.423,0.423,1.0673,1.0673,3.2066,1.169,2.0416,8667000.0,7885231000.0,,,,,,,,0.0073,10043233000.0,,,,,,,,,,,,,59887760000.0,0.4232,8.4197,4.121,3.2105,4.4209,,,,39.8418,,,,39.8418,,32.0239,,8.366,,51.7663,,5.1603,5.16,5.1546,,0.289,,20.6412,,94.3755,17.7794,17.9421,,,,,,,,,16.7795,0.0593,,,,,0.029,,1.156,0.2876,8419167000.0,51.8244,,,5.1603,5.1546,0.289,386.0729,30.1538,30.1538,47.44,30.8648,30.9473,30.2899,30.0845,91.6713,7.0704,5.49,4.468,5.4844,31.0139,31.0139,31.0139,8.1465,21.6862
29,600000.SH,20120316,20111231,1.463,1.463,3.641,3.641,3.1921,1.169,1.6184,234977000.0,27051004000.0,,,,,,,,0.0279,35970654000.0,,,-175599664806.986,,,,,,,,,,51993862000.0,1.4628,7.982,10.65,2.7874,7.775,,,,40.2769,,,,40.2769,,28.7901,,11.0427,,52.6472,,20.0715,20.07,19.8987,,1.122,,20.0715,,94.4298,17.9527,17.9343,,,,,,,,,16.9527,0.0587,,,,,0.0784,,1.122,1.1192,8594250000.0,52.7687,,,5.1141,5.0309,0.2837,848.8749,18.6992,18.6992,2873.4375,42.6159,41.7643,42.2834,42.42,3707.3295,17.5377,-6.88,22.5098,21.0534,36.2281,36.2281,33.2717,2.5961,21.0534
30,600000.SH,20111029,20110930,1.067,1.067,2.6433,2.6433,3.0877,1.0231,1.3688,115009000.0,19794914357.5,,,,,,,,0.0209,25482780984.28,,,,,,,,,,,,,44617804110.17,1.0674,7.4821,2.181,2.3919,0.2023,,,,40.5004,,,,40.5004,,31.1017,,7.543,,53.1907,,15.1658,,15.0782,,0.8475,,20.2211,,94.4472,18.0089,17.9493,,,,,,,,,17.0091,0.0586,,,,,0.0171,,1.13,0.8449,7461039308.73,53.2111,,,5.1543,5.1401,0.2837,177.3088,7.3441,7.3441,224.06,36.7912,35.7599,34.1888,31.9367,301.5466,-21.5432,-12.72,15.0591,13.4724,37.3783,37.3783,32.7399,2.489,71.0353
31,600000.SH,20110816,20110630,0.69,0.69,1.7083,1.7083,3.1247,1.0231,0.9919,95553000.0,12783971000.0,,,,,,,,0.0137,16523267000.0,,,-2715862269.3657,,,,,,,,,,37587405000.0,0.6905,7.1423,0.523,2.015,-0.3981,,,,40.5167,,,,40.5167,,33.1196,,5.7399,,53.1565,,10.0533,9.96,9.9787,,0.5557,,20.1066,,94.5569,18.3719,18.1351,,,,,,,,,17.3719,0.0574,,,,,0.0042,,1.1114,0.5544,7313648000.0,53.1556,,,5.2009,5.1258,0.2894,-182.0733,13.1148,13.1148,121.58,44.9509,43.1932,41.8333,42.83,135.055,-19.2164,-16.68,12.0392,8.3189,40.0572,40.0572,38.592,15.0807,75.5719
32,600000.SH,20110428,20110331,0.422,0.422,1.059,1.059,4.0875,1.0628,2.1826,-2902000.0,6061621704.81,,,,,,,,0.0068,7630015039.46,,,,,,,,,,,,,46567059573.88,0.4222,8.9949,2.795,3.2454,2.1265,,,,39.9709,,,,39.9709,,34.5933,,5.3883,,51.8253,,4.8073,,4.8096,,0.2723,,19.2292,,94.2993,17.5417,17.7002,,,,,,,,,16.5417,0.0603,,,,,0.0187,,1.0892,0.2716,7383430754.82,51.8508,,,4.8073,4.8096,0.2723,263.8941,17.8771,17.8771,133.16,46.5921,46.75,47.5576,47.7131,153.8833,-17.4463,4.94,3.5924,4.935,41.7005,41.7005,41.7005,33.5025,78.7413
33,600000.SH,20110330,20101231,1.604,1.604,3.4746,3.4746,4.0867,1.0628,1.7603,183805000.0,18993406000.0,,,,,,,,0.0261,24276184348.89,,,32313043771.8494,,,,,,,,,,40508339869.07,1.3365,8.5719,-0.384,2.8231,2.3328,,,,38.4681,,,,38.4681,,33.0555,,9.2014,,50.2891,,20.0862,23.27,19.8937,,1.0057,,20.0862,,94.3744,17.7759,19.9746,,,,,,,,,16.7759,0.0595,,,,,-0.0027,,1.0057,1.0056,7518664347.92,50.708,,,4.2424,3.9004,0.208,105.0975,28.0,28.0,-103.28,45.9513,46.166,45.0996,43.7,-105.3217,-19.8353,11.38,35.0457,81.002,35.3898,35.3898,33.2231,-21.2138,81.002
34,600000.SH,20101029,20100930,1.293,1.293,3.1267,3.1267,2.1303,1.1614,1.9894,-166098000.0,15003340296.31,,,,,,,,0.0199,18329618438.52,,,,,,,,,,,,,36168371272.77,1.2925,7.1087,-1.758,3.1508,0.9864,,,,41.3615,,,,41.3615,,33.3876,,5.7811,,53.419,,19.842,,20.0641,,0.8251,,26.456,,95.8589,24.1482,24.0611,,,,,,,,,23.1479,0.0431,,,,,-0.0107,,1.1001,0.8246,6924392059.38,53.8455,,,7.3106,7.6867,0.3068,58.0976,29.4294,29.4294,-138.05,41.1294,42.1916,44.1896,45.7384,-149.4764,14.9156,-7.63,21.7537,20.0848,36.252,36.252,35.9597,18.5971,25.4743
35,600000.SH,20100830,20100630,0.791,0.791,1.982,1.982,2.1336,1.1614,1.4879,130050000.0,8950699000.0,,,,,,,,0.0134,11019943231.45,,,40099458082.5719,,,,,,,,,,30411877836.2,0.7911,6.6105,-2.423,2.6493,2.0133,,,,39.9208,,,,39.9208,,34.4559,,6.6553,,51.3619,,12.6266,12.51,12.4457,,0.5336,,25.2532,,95.7296,23.417,23.6658,,,,,,,,,22.4168,0.0445,,,,,-0.0163,,1.0672,0.5335,6858143850.26,51.9915,,,6.7185,6.5461,0.2892,387.4913,20.2128,20.2128,-384.72,30.2546,31.6646,33.9207,32.19,-512.5201,-17.3902,-14.1,9.7702,11.669,36.4213,36.4213,37.0599,17.516,62.1123
36,600000.SH,20100430,20100331,0.465,0.465,1.2145,1.2145,2.771,1.2105,2.4147,2357000.0,4103645536.3,,,,,,,,0.0065,5208107185.39,,,,,,,,,,,,,32010652050.76,0.465,8.1776,-8.43,3.6252,-3.9343,,,,38.2771,,,,38.2771,,35.0467,,7.6021,,50.096,,5.859,,5.8556,,0.25,,23.436,,95.6462,22.9684,23.4321,,,,,,,,,21.9682,0.0454,,,,,-0.0468,,1.0,0.25,6943589873.99,50.0667,,,5.859,5.8556,0.25,-693.9801,24.3316,24.3316,-242.4,39.0427,38.7614,38.6955,38.8118,-322.1289,-13.5637,6.23,2.3934,6.2622,35.7122,35.7122,35.7122,49.5228,60.4597
37,600000.SH,20100407,20091231,1.621,1.621,4.1703,4.1703,2.754,1.2105,1.9497,90586000.0,13125995000.0,,,,,,,,0.0251,15938107673.74,,,-91272447043.4933,,,,,,,,,,27904649514.46,1.4968,7.6957,11.719,3.1602,4.3244,,,,35.8874,,,,35.8874,,35.9915,,8.6416,,46.65,,24.1107,25.86,23.9455,,0.9014,,24.1107,,95.8041,23.8328,26.7452,,,,,,,,,22.8329,0.0437,,,,,0.0666,,0.9014,0.9015,7074941832.02,46.9695,,,4.4012,4.258,0.1822,598.0746,2.5316,2.5316,-37.12,12.0425,13.0204,5.5978,8.16,-1.9166,-35.2309,4.54,23.926,63.0373,6.549,6.549,18.3963,-22.13,63.0373
38,600000.SH,20091029,20090930,1.297,1.297,2.9832,2.9832,2.7549,1.0608,1.768,-4613000.0,10294704007.14,,,,,,,,0.0182,12686945241.1,,,,,,,,,,,,,24978159399.48,1.1653,7.3651,5.14,2.8288,2.0481,,,,39.0656,,,,39.0656,,32.3275,,7.2235,,51.5729,,19.2854,,19.2941,,0.7105,,25.7139,,95.8975,24.3754,27.1456,,,,,,,,,23.3756,0.0427,,,,,0.0268,,0.9473,0.7104,6288446702.14,51.5962,,,6.2756,6.3009,0.2189,352.3084,4.4283,4.4283,-53.02,4.8267,4.9906,4.532,4.5536,-34.1368,-38.7649,11.31,21.2274,56.0343,2.469,2.469,7.371,-9.6628,70.7061
39,600000.SH,20090829,20090630,0.856,0.856,2.1042,2.1042,1.3265,1.1818,1.5269,9531000.0,6771160000.0,,,,,,,,0.0114,8441106639.7,,,325330135.518,,,,,,,,,,21468759698.18,0.8555,5.9058,0.851,2.7087,-1.5602,,,,40.6621,,,,40.6621,,25.5634,,11.5124,,53.7936,,15.3257,15.1,15.3041,,0.4631,,30.6514,,97.1067,34.5626,33.0995,,,,,,,,,33.5629,0.0298,,,,,0.0043,,0.9262,0.463,6241351079.18,53.8698,,,8.3221,8.3105,0.245,-304.9568,6.4677,-23.9787,-77.94,6.6722,7.0127,6.3673,6.17,-69.1189,-21.3592,-19.7,23.6789,12.3061,-0.1722,-0.1722,1.236,32.1916,35.2572
40,600000.SH,20090430,20090331,0.523,0.523,1.3958,1.3958,1.9826,1.2123,2.6233,4177000.0,2956266468.78,,,,,,,,0.0056,3693511986.15,,,,,,,,,,,,,21715160789.49,0.5229,7.9488,5.92,3.8357,1.9868,,,,37.4646,,,,37.4646,,25.08,,18.0277,,48.896,,6.8307,,6.8211,,0.2107,,27.3228,,96.9987,33.3189,32.413,,,,,,,,,32.3192,0.0309,,,,,0.023,,0.8428,0.2107,6192272975.47,48.9665,,,6.8307,6.8211,0.2107,423.995,5.2314,5.2314,643.12,4.5411,4.8417,5.2929,4.9964,807.6659,-26.4859,8.02,14.5648,7.9692,-1.6908,-1.6908,-1.6908,62.8822,43.2283
41,600000.SH,20090410,20081231,2.211,2.211,6.1047,6.1047,1.9189,1.2123,2.1004,379964000.0,12136004000.0,,,,,,,,0.0311,14199481862.38,,,-94266415123.9163,,,,,,,,,,18754717320.49,2.2108,7.3621,18.636,3.3128,4.4298,,,,36.2142,,,,36.2142,,36.6857,,10.7593,,44.3627,,35.7715,36.71,34.6855,,1.1253,,35.7715,,96.8153,31.4001,31.7875,,,,,,,,,30.3997,0.0329,,,,,0.0832,,1.1253,1.1253,6259846773.15,44.2801,,,6.6987,5.7402,0.2204,492.119,127.8351,75.0594,46.42,42.4545,42.2479,127.6137,85.26,90.3484,54.5362,13.3,43.1097,47.2883,33.56,33.56,17.0108,-47.8615,47.2883
42,600000.SH,20081030,20080930,1.74,1.74,4.5409,4.5409,1.7581,0.9913,1.8495,-2377000.0,9846342479.11,,,,,,,,0.0253,12202714469.44,,,,,,,,,,,,,16082714716.45,1.7388,6.7293,10.94,2.8408,2.9635,,,,38.2923,,,,38.2923,,35.1769,,6.4929,,50.4129,,29.6527,,29.6599,,0.9696,,39.5369,,96.5846,29.2791,30.5811,,,,,,,,,28.2792,0.0354,,,,,0.0575,,1.2928,0.9696,5747049029.25,50.357,,,9.5433,9.5422,0.3276,445.4909,152.1739,152.1739,16.98,60.5406,60.0384,150.9229,107.3258,16.9762,80.5207,34.63,21.9103,34.6292,40.3984,40.3984,34.3988,-3.4918,38.9995
43,600000.SH,20080823,20080630,1.126,1.126,2.9509,2.9509,1.7544,0.9913,1.2367,-2764000.0,6377551000.0,,,,,,,,0.0174,7873204541.3,,,-16269682372.3836,,,,,,,,,,12613536700.3,1.126,6.1129,3.857,2.228,0.6615,,,,38.1584,,,,38.1584,,34.4535,,7.247,,50.3421,,20.268,20.4,20.2768,,0.6649,,40.536,,96.5483,28.9712,30.4839,,,,,,,,,27.9713,0.0358,,,,,0.0226,,1.3298,0.6649,5451556418.94,50.253,,,10.7932,10.7896,0.365,306.5291,151.1111,151.1111,-38.288,52.888,52.7287,149.6204,87.932,-19.7778,88.3405,-5.9264,9.5773,22.2957,43.8585,43.8585,37.0486,27.553,32.5368
44,600000.SH,20080426,20080331,0.65,0.5,1.8457,1.8457,2.3668,1.2886,1.0896,-3963000.0,2815589623.85,,,,,,,,0.0086,3594035247.37,,,,,,,,,,,,,10356840670.22,0.6456,7.2147,-1.09,2.3782,-2.7907,,,,34.9795,,,,34.9795,,33.6951,,12.4788,,45.9812,,9.4165,,9.4298,,0.3015,,37.666,,96.6928,30.2371,31.2309,,,,,,,,,29.2375,0.0342,,,,,-0.0052,,1.206,0.3015,5438224350.43,45.9154,,,9.4165,9.4298,0.3015,-58.9015,182.61,117.39,-167.28,118.8933,118.7229,186.55,,-167.3,5.13,10.92,3.83,11.03,52.0037,52.0037,52.0037,37.3908,22.3147
45,600000.SH,20080228,20071231,1.263,1.263,5.9419,5.9419,2.1358,1.2886,0.6039,-1056070000.0,6554845000.0,,,,,,,4.5359,0.0323,10145353046.41,,,-43984985965.0348,,,,,,,,,,8241995277.89,1.2627,6.498,12.728,1.8926,-3.1453,,,,21.2501,,,,21.2501,,36.8622,,13.4268,,41.5928,,20.7485,20.1,24.7334,,0.6855,,20.7485,,96.9073,32.3342,30.268,,,,,,,,,31.3339,0.0319,,,,,0.0625,,0.6855,0.6855,5536035117.87,41.5757,,,5.6571,6.4827,0.1791,32.7666,63.81,48.76,161.57,79.939,78.21,63.85,97.92,161.55,43.08,14.48,32.73,14.47,36.6956,36.6956,40.6275,4.6015,14.4717
46,600000.SH,20071027,20070930,0.9,0.9,4.2046,4.2046,2.2933,0.9098,0.9906,-826109000.0,4749213068.25,,,,,,,3.2096,0.0239,7639105617.33,,,,,,,,,,,,,8276323943.23,0.9009,6.2937,12.16,1.9005,-0.3555,,,,21.4256,,,,21.4256,,33.7079,,14.3411,,44.0879,,15.0558,,18.2261,,0.5116,,20.0744,,96.7542,30.809,29.4307,,,,,,,,,29.8089,0.0335,,,,,0.0648,,0.6821,0.5116,7577128594.19,44.1772,,,5.1171,5.0661,0.1697,384.1473,57.8947,57.8947,423.4,98.1579,96.9907,59.4486,95.642,423.03,4.3752,10.74,22.49,10.87,35.1344,35.1344,35.7162,-32.5944,53.1932
47,600000.SH,20070822,20070630,0.586,0.586,2.6666,2.6666,2.3099,0.9098,0.6762,-839749000.0,3393542000.0,,,,,,,2.0356,0.0159,5268468805.21,,,,,,,,,,,,,6907012505.48,0.5864,5.9959,6.25,1.586,-4.0233,,,,21.991,,,,21.991,,30.6882,,14.0651,,47.3689,,10.0509,9.86,13.3558,,0.35,,20.1018,,96.6083,29.4837,28.7145,,,,,,,,,28.4836,0.0351,,,,,0.0366,,0.7,0.35,5158479482.66,47.3344,,,6.0832,,0.2138,388.3448,42.93,42.93,395.23,110.81,108.38,59.26,114.76,395.23,0.39,5.63,11.68,5.63,34.8011,34.8011,39.528,126.354,52.9989
48,600000.SH,20070428,20070331,0.225,0.225,1.2136,1.2136,2.4263,0.9092,0.463,,,,,,,,,0.9353,0.0076,1652121589.43,,,,,,,,,,,,,5976089253.03,0.2246,5.8984,0.61,1.3723,-5.6138,,,,18.5103,,,,18.5103,,34.03,,26.8884,,31.8928,,3.8826,,,,0.1404,,15.5304,,96.3519,27.4115,27.652,,,,,,,,,26.4117,0.0379,,,,,0.0039,,0.5616,0.1404,5608592985.59,31.872,,,3.8826,,0.1404,50.0611,20.14,20.14,28.53,38.1211,37.9614,33.64,,42.97,-17.35,3.97,2.14,3.97,29.5465,29.5465,29.5465,-11.8186,63.8243
49,600000.SH,20070324,20061231,0.85,0.85,4.3462,4.3462,2.4257,0.9092,0.2384,44131000.0,3308896000.0,,,,,,,3.3177,0.03,5580729453.46,,,,,,,,,,,,,4997802909.3,0.7699,5.6732,2.3561,1.1476,6.4034,,,,17.7155,,,,17.7155,,40.3523,,20.8739,,31.5867,,16.4867,19.37,16.2697,,0.531,,16.4867,,96.416,27.9018,31.0473,,,,,,,,,26.9017,0.0372,,,,,0.0154,,0.531,0.531,5716503490.64,31.8805,,,4.2232,4.1383,0.1355,485.5657,33.8583,,30.236,37.9501,39.0582,31.0798,33.8859,44.8684,-15.2731,39.0831,20.1948,54.7086,29.9187,29.9187,46.4347,30.7581,54.7086
50,600000.SH,20061026,20060930,0.57,0.57,3.4325,3.4325,1.2996,0.7545,0.6729,26037000.0,2427501448.06,,,,,,,2.4489,0.0222,3817786583.92,,,,,,,,,,,,,5588314786.1,0.6267,4.5699,-4.1867,1.4274,-3.9263,,,,18.2578,,,,18.2578,,36.5979,,25.7644,,30.264,,14.492,,14.3382,,0.4051,,19.3227,,97.1954,35.6557,35.7777,,,,,,,,,34.6563,0.0289,,,,,-0.0264,,0.5401,0.4051,5575685553.8,30.5054,,,4.8876,4.8724,0.1347,-156.6768,,,-525.132,36.3585,37.2995,30.8121,37.2635,-525.1234,14.6532,12.0348,11.231,12.034,24.1972,24.1972,29.44,5.5648,20.7872
51,600000.SH,20060812,20060630,0.408,0.41,2.1994,2.1994,1.3071,0.7545,0.4547,23378000.0,1575865000.0,,,,,,,1.551,0.0143,2498251013.45,,,,,,,,,,,,,4734019027.48,0.4085,4.3592,-2.2547,1.2092,-1.845,,,,18.5731,,,,18.5731,,36.1905,,26.2056,,30.2551,,9.6819,9.63,9.5403,,0.2657,,19.3638,,97.2921,36.929,36.4379,,,,,,,,,35.9284,0.0278,,,,,-0.0144,,0.5314,0.2657,5565985403.47,30.5857,,,5.2964,,0.141,-235.6649,44.6809,,-386.1658,33.5161,34.8718,30.8348,43.0186,-165.4361,20.1725,6.8693,9.8879,6.8685,21.4394,21.4394,118.3471,13.4737,20.6667
52,600000.SH,20070428,20060331,,,1.0421,1.0421,1.2438,0.7451,0.1732,,,,,,,,,0.7423,0.007,1167075540.94,,,,,,,,,,,,,3595244091.73,0.187,4.005,0.4727,0.9183,-4.7726,,,,17.944,,,,17.944,,35.6127,,27.1276,,29.9129,,4.6261,,,,0.1248,,18.5044,,97.3843,38.2307,37.0616,,,,,,,,,37.2307,0.0269,,,,,0.0032,,0.4992,0.1248,5553461367.19,29.928,,,4.6261,,0.1248,45.3609,,,80.6267,-35.3348,56.6715,42.4902,,80.6115,27.445,-1.8142,4.5196,-1.8149,-18.6558,-18.6558,-18.6558,-47.9378,11.8053
53,600000.SH,20070324,20051231,0.635,,3.7212,3.7212,1.3054,0.7545,0.1762,13987000.0,2471430000.0,,,,,,,3.1439,0.0283,4120078277.79,,,,,,,,,,,,,3643726338.04,0.6534,4.079,1.8091,0.9307,-0.8481,,,,17.5586,,,,17.5586,,39.5271,,23.5089,,29.7477,,17.3543,17.21,16.767,,0.4972,,17.3543,,97.2155,35.9131,34.9072,,,,,,,,,34.9137,0.0286,,,,,0.0127,,0.4972,0.4972,5640535924.96,29.7852,,,4.6374,4.5672,0.1306,32.795,29.5918,,44.1055,43.2985,42.3249,32.5369,30.4645,44.1073,12.1274,18.2319,25.9017,18.2021,27.6637,27.6637,917.7605,11.2764,18.2021
54,600000.SH,20051029,20050930,,,3.9982,3.9982,1.2438,0.5547,0.4741,3185000.0,1768497239.26,,,,,,,3.3232,0.0321,2496990981.66,,,,,,,,,,,,,4027790348.69,0.453,3.78,0.9848,1.0288,2.7153,,,,11.3185,,,,11.3185,,,,,,50.0537,,12.5108,,12.4883,,0.3634,,16.6811,,97.1485,35.0693,34.4245,,,,,,,,,34.0695,0.0294,,,,,0.0076,,0.4845,0.3634,5116331113.49,18.0835,,,4.6196,4.6046,0.1322,14.4119,,,-1.746,23.196,37.5376,28.0456,33.8318,-1.7411,12.0679,9.5652,14.0326,9.6362,29.123,29.123,24.4092,-35.9909,14.2571
55,600000.SH,20050826,20050630,0.282,,2.6319,2.6319,1.2438,0.5547,0.3033,1003556.82,1101860000.0,,,,,,,2.2355,0.0217,1963331672.08,,,,,,,,,,,,,3358971666.25,0.282,3.613,0.7879,0.858,-1.0308,,,,10.7033,,,,10.7033,,,,,,50.2536,,7.9763,7.93,7.969,,0.2327,,15.9526,,97.128,34.8189,34.2806,,,,,,,,,33.8185,0.0296,,,,,0.0064,,0.4654,0.2327,4916199034.95,17.2201,,,4.1829,4.1796,0.1241,38.953,26.4574,,19.3065,27.2604,37.8406,26.2658,31.647,19.306,11.1814,4.7246,8.1046,4.6858,31.7137,31.7137,29.1796,74.3829,13.5674
56,600000.SH,20050423,20050331,,,1.2811,1.2811,1.2438,0.5547,0.2728,545139.64,513214000.0,,,,,,,1.0855,0.011,-1155438535.32,,,,,,,,,,,,,3239667249.07,0.131,3.58,0.2617,0.8275,-6.0774,,,,10.2438,,,,10.2438,,,,,,48.8489,,3.7318,,3.7278,,0.1126,,14.9272,,96.9331,32.6062,33.1512,,,,,,,,,31.6057,0.0316,,,,,0.0023,,0.4504,0.1126,4914341734.27,15.5387,,,3.7318,3.7278,0.1126,20.4297,,,-15.9872,47.9972,24.2593,23.6134,23.1338,-15.9801,5.7363,3.7681,0.3803,3.8027,34.4958,34.4958,34.4958,156.5805,16.9072
57,600000.SH,20050226,20041231,0.49,,4.2812,4.2812,1.2438,0.5547,0.1416,35699750.89,1894331000.0,,,,,,,3.8152,0.0406,2533244774.9,,,,,,,,,,,,,2725908109.23,0.493,3.45,1.2554,0.6963,6.7104,,,,11.515,,,,11.515,,,,,,50.3311,,15.1249,15.17,14.8451,,0.467,,15.1249,,97.0342,33.7177,32.3883,,,,,,,,,32.7174,0.0306,,,,,0.0111,,0.467,0.467,4941089310.5,18.19,,,4.1278,4.328,0.1243,,21.5881,,22.8496,-54.6611,30.0816,23.239,23.3537,22.8493,9.5618,12.4511,22.7662,12.4835,-5.1191,-5.1191,-120.1586,-275.3407,12.4835
58,600000.SH,20041030,20040930,,,3.0964,3.0964,1.2438,0.4068,0.367,62202000.0,1321432300.06,,,,,,,2.9389,0.0305,-2912427002.23,,,,,,,,,,,,,3029511658.6,0.353,3.311,1.0023,0.7738,1.6117,,,,11.4138,,,,11.4138,,,,,,52.4618,,11.0802,,10.5821,,0.3482,,14.7736,,96.9404,32.684,31.8227,,,,,,,,,31.6837,0.0316,,,,,0.0096,,0.4643,0.3482,4368258493.62,16.9772,,,4.0144,3.8119,0.1218,31.1284,,,30.6269,33.3062,33.3128,27.8702,,30.6303,13.6962,7.9205,14.1898,7.9343,42.6121,42.6121,38.2677,-17.7544,12.4666
59,600000.SH,20040814,20040630,0.223,,1.9982,1.9982,1.2438,0.4068,0.2367,36464668.78,836981000.0,,,,,,,1.8986,0.0199,1532924089.13,,,,,,,,,,,,,2519323027.32,0.223,3.181,0.6604,0.6435,3.2051,,,,11.1651,,,,11.1651,,,,,,52.0121,,7.1405,7.14,6.8424,,0.2225,,14.281,,96.9911,33.2347,32.0849,,,,,,,,,32.2342,0.031,,,,,0.0064,,0.445,0.2225,4392170401.65,16.4547,,,3.7451,3.4372,0.1136,33.3668,31.1765,,68.8139,40.209,39.5254,32.978,26.1306,68.8094,18.5411,3.6832,11.5435,3.6866,45.118,45.118,38.5292,31.7103,12.1788
60,600000.SH,20040428,20040331,,,0.9525,0.9525,1.2438,0.4068,0.1198,-1176000.0,416793829.73,,,,,,,0.9048,0.0098,455557780.73,,,,,,,,,,,,,2061495188.36,0.106,3.064,0.3115,0.5266,2.045,,,,11.1456,,,,11.1456,,,,,,47.0914,,3.4625,,3.4723,,0.1089,,13.85,,96.9391,32.6701,31.7809,,,,,,,,,31.6696,0.0316,,,,,0.0032,,0.4356,0.1089,4387961728.13,16.8188,,,3.4625,3.4723,0.1089,32.7032,,,129.7198,34.7406,50.187,31.6807,,129.7245,18.1192,-0.1304,5.6176,-0.1252,53.1135,53.1135,53.1135,173.9419,11.4812
61,600000.SH,20040227,20031231,0.403,,3.0721,3.0721,1.2438,0.4068,0.1236,30398191.44,1535690000.0,,,,,,,2.986,0.037,1815459709.41,,,,,,,,,,,,,2076527358.54,0.4,3.068,1.0219,0.5304,1.0049,,,,13.0212,,,,13.0212,,,,,,55.4609,,15.6833,13.96,15.3789,,0.4816,,15.6833,,96.763,30.8928,32.5644,,,,,,,,,29.8933,0.0335,,,,,0.0111,,0.4816,0.4816,4418609258.93,19.4872,,,4.1128,,0.1322,1487.5606,13.2022,,19.0748,-51.2755,25.5535,21.8453,19.9513,28.953,-15.273,39.3279,32.852,43.8093,5.0378,5.0378,-97.2898,-230.098,43.8093
62,600000.SH,20031029,20030930,,,2.1712,2.1712,1.2438,0.2868,0.286,,,,,,,,,2.1523,0.0265,1493337304.92,,,,,,,,,,,,,2242500484.21,0.276,2.944,0.7673,0.5728,0.9133,,,,12.7296,,,,12.7296,,,,,,55.6152,,11.1053,,,,0.3378,,14.8071,,96.8096,31.344,32.8726,,,,,,,,,30.3441,0.033,,,,,0.0086,,0.4504,0.3378,4259347326.88,18.1614,,,3.7583,,0.1208,47.3442,,,,41.2093,33.6495,26.6026,,,-12.9979,33.6966,29.3589,38.014,49.5588,49.5588,45.7073,14.1794,45.5166
63,600000.SH,20030827,20030630,0.17,,1.377,1.377,1.2438,0.2868,0.1774,-6748420.51,663583000.0,,,,,,,1.3663,0.0173,834270031.8,,,,,,,,,,,,,1817273746.58,0.168,2.836,0.3912,0.4642,-0.8881,,,,12.1844,,,,12.1844,,,,,,53.8332,,6.8915,6.34,6.9623,,0.2112,,13.783,,96.7602,30.8661,32.6283,,,,,,,,,29.8661,0.0335,,,,,0.0046,,0.4224,0.2112,4221265932.62,17.1142,,,3.1215,,0.1097,33.8634,-24.4444,,-19.3901,35.9334,23.209,21.3122,22.8114,30.9638,-16.8633,28.792,22.6869,32.9227,51.8744,51.8744,48.0196,22.6731,45.9189
64,600000.SH,20030429,20030331,,,0.6221,0.6221,1.2438,0.2868,0.0902,,,,,,,,,0.6272,0.0087,338359902.76,,,,,,,,,,,,,1476064562.39,0.08,2.749,0.1356,0.377,-1.7414,,,,12.9597,,,,12.9597,,,,,,53.5127,,3.3719,,,,0.1129,,13.4876,,96.1517,25.9855,29.8552,,,,,,,,,24.9855,0.04,,,,,0.002,,0.4516,0.1129,4185344861.66,17.1465,,,3.3719,,0.1129,21.797,,,,58.2893,18.0558,18.7694,,,-19.0678,24.8411,0.1129,28.8373,56.8306,56.8306,56.8306,187.5478,46.7519
65,600000.SH,20030329,20021231,0.356,,2.2563,2.2563,0.7427,0.3106,0.0104,5047817.28,1280261000.0,,,,,,,2.3497,0.036,916062857.02,,,,,,,,,,,,,1160439167.1,0.356,2.202,0.8582,0.321,3.9604,,,,15.7582,,,,15.7582,,,,,,59.1971,,17.1065,16.67,17.0393,,0.5675,,17.1065,,97.1499,35.0865,30.1449,,,,,,,,,34.0859,0.0293,,,,,0.0114,,0.5675,0.5675,4158480488.6,22.8868,,,5.4228,5.3249,0.1648,,-19.2744,,10.7784,-43.8941,29.5715,21.0411,19.8454,66.1751,7.4505,-24.8977,60.8035,12.6482,0.4336,0.4336,-74.6137,-462.4765,12.6482
66,600000.SH,20021030,20020930,,,1.5722,1.5722,0.7427,0.2039,0.2446,-2725436.84,857417000.0,,,,,,,1.8583,0.0273,872323131.96,,,,,,,,,,,,,1621321912.97,0.24,2.19,,0.4485,,,,,15.0378,,,,15.0378,,,,,,58.9036,,11.405,,11.4414,,0.41,,15.2067,,96.7434,30.7069,27.8178,,,,,,,,,29.7072,0.0337,,,,,,,0.5467,0.41,3707423611.11,20.3233,,,4.0343,4.0837,0.1385,,,,,48.9803,4.2108,3.9779,,,7.8793,-25.307,40.0439,12.0947,29.8563,29.8563,53.0924,4.5256,-3.6164
67,600000.SH,20020817,20020630,0.225,,1.4728,1.4728,1.6141,0.3059,0.2369,1114626.33,540327000.0,,,,,,,1.16,0.0185,531138632.75,,,,,,,,,,,,,1308071976.14,0.225,3.157,0.4853,0.5428,-2.742,,,,15.254,,,,15.254,,,,,,60.1462,,7.3792,7.38,7.364,,0.2829,,14.7584,,96.3604,27.4755,26.0806,,,,,,,,,26.4755,0.0378,,,,,0.0058,,0.5658,0.2829,3709255060.49,21.0959,,,3.6906,,0.1428,,1.3514,,27.5092,6.6945,6.7764,1.2208,1.2055,27.5088,5.5225,7.6739,20.35,7.6619,42.2242,42.2242,,-37.0074,-4.0766
68,600000.SH,20020427,20020331,,,0.7562,0.7562,1.6141,0.3059,0.1225,,,,,,,,,0.6025,0.0104,-88020000.0,,,,,,,,,,,,,1032377000.0,0.1103,3.0425,,0.4284,,,,,14.5821,,,,14.5821,,,,,,34.2256,,3.6912,,,,0.1515,,14.7648,,95.8613,24.1622,24.3666,,,,,,,,,23.1621,0.0432,,,,,,,0.606,0.1515,3637656000.0,19.4097,,,3.6912,,0.1515,,,,,,,,,,,3.7688,2.0012,3.7606,,,,85.9466,
69,600000.SH,20020321,20011231,0.441,,2.9814,2.9814,1.6141,0.3059,0.0122,-6382000.0,1068260000.0,,,,,,,2.5044,0.0472,-209459000.0,,,,,,,,,,,,,766630000.0,0.441,2.932,0.7747,0.3181,-0.3887,,,,14.7786,,,,14.7786,,,,,,35.3436,,14.6351,15.13,14.723,,0.6977,,14.6351,,95.9315,24.5791,20.9775,,,,,,,,,23.5789,0.0424,,,,,0.0112,,0.6977,0.6977,3663460000.0,20.051,,,3.1388,,0.1426,,11.0831,,10.3404,46.2662,45.362,33.2289,11.563,10.3333,22.2963,-5.0826,33.8753,8.9394,23.476,23.476,,-18.4648,8.9394
70,600000.SH,20011027,20010930,,,2.1156,2.1156,1.6141,0.265,0.5311,,,,,,,,,,0.035,15830912.36,,,,,,,,,,,,,1918541219.81,0.341,3.41,,0.7961,,,,,16.1216,,,,16.1216,,,,,,35.9605,,10.4958,,,,0.5602,,13.9944,,94.9496,19.8004,18.7351,,,,,,,,,18.8005,0.0532,,,,,,,0.7469,0.5602,3561496177.12,21.7393,,,3.5552,,0.1832,,,,,,,,,,,10.3917,25.4285,26.6972,,,,,
71,600000.SH,20010821,20010630,0.222,,1.3421,1.3421,1.6141,0.265,0.412,1020303.31,533891000.0,,,,,,,1.1796,0.023,17172584.91,,,,,,,,,,,,,1631401767.29,0.222,3.291,0.3806,0.6769,-2.7442,,,,16.5374,,,,16.5374,,,,,,35.2743,,6.9576,6.98,6.9444,,0.3802,,13.9152,,94.7348,18.9926,18.2985,,,,,,,,,17.9926,0.0556,,,,,0.0064,,0.7604,0.3802,3465232726.41,21.6809,,,,,,,,,28.668,3.7383,3.919,6.775,0.6835,28.6483,5.6439,6.5393,16.1075,22.2706,14.7485,14.7485,,,-4.5132
72,600000.SH,20010428,20001231,0.397,,2.3695,2.3695,1.6141,0.269,0.206,364651.03,957540000.0,,,,,,,,0.0488,-103532071.92,,,,,,,,,,,,,1144732188.96,0.397,3.089,0.7021,0.475,2.0168,,,,16.7747,,,,16.7747,,,,,,41.4287,,12.5868,13.75,12.582,,0.819,,12.5868,,94.3049,17.559,15.3692,,,,,,,,,16.559,0.0604,,,,,0.0137,,0.819,0.819,3366633593.52,21.5611,,,,,,,-9.5672,,73.6152,41.676,39.5691,31.3742,,73.6433,14.4706,-4.2764,28.6096,14.7668,21.9797,21.9797,,,14.7668
73,600000.SH,20000728,20000630,,,0.8968,0.8968,1.6141,0.5969,0.2356,-0.36,530266499.19,,,,,,,,0.02,-448946107.3,,,,,,,,,,,,,2006282254.37,0.22,3.45,0.2958,0.8325,-0.6944,,,,24.5358,,,,24.5358,,,,,,33.2566,,6.5944,,6.5944,,0.4896,,13.1888,,92.6751,13.6521,13.4686,,,,,,,,,12.652,0.079,,,,,0.0068,,0.9792,0.4896,2907925755.11,33.2482,,,,,,,,,,12.7651,12.8876,4.8018,,,-51.5569,6.9104,11.5653,28.0483,27.6961,27.6961,,,116.3399
74,600000.SH,20000328,19991231,0.439,,1.6523,1.6523,1.6141,0.5969,0.0156,,,,,,,,,,0.0418,-1058034782.86,,,,,,,,,,,,,1476015755.54,0.385,3.227,0.4044,0.6125,0.8042,,,,23.2717,,,,23.2717,,,,,,29.1973,,16.6828,,,,0.9727,,16.6828,,92.062,12.5976,17.1517,,,,,,,,,12.2192,0.0818,,,,,0.0103,,0.9727,0.9727,2871681384.12,29.558,,,,,,,,,-20.5345,12.387,12.8436,18.715,,-4.7247,-50.2992,94.3976,21.5287,138.8593,-4.1956,-4.1956,,,138.8593
75,600000.SH,19991106,19990630,,,0.9793,0.9793,0.1665,0.492,0.2517,,,,,,,,,,,-450128000.0,,,,,,,,,,,,,1494806000.0,0.25,1.91,,0.7437,,,,,25.7038,,,,25.7038,,,,,,32.3794,,14.1077,,,,0.5798,,28.2154,,95.5971,22.7123,24.3332,,,,,,,,,21.7123,0.0461,,,,,,,1.1596,0.5798,886312000.0,32.336,,,,,,,,,,,,,,,,15.0602,2.6812,17.9384,,,,,
76,600000.SH,19991106,19981231,,,2.3848,2.3848,0.1665,0.492,,,,,,,,,,,0.0567,-1103243000.0,,,,,,,,,,,,,988835000.0,0.43,1.66,0.5089,0.492,-1.4476,,,,17.9297,,,,17.9297,,,,,,24.0367,,26.423,,,,1.0172,,26.423,,96.1832,26.2,25.9758,,,,,,,,,25.2001,0.0397,,,,,0.0122,,1.0172,1.0172,831573000.0,24.2149,,,,,,,,,,15.776,17.288,33.2464,,,26.7794,5.0633,6.9793,5.101,12.0924,12.0924,,,5.101
77,600000.SH,19991106,19971231,,,2.6509,2.6509,0.1665,0.2408,0.1707,,,,,,,,,,0.0726,-940047000.0,,,,,,,,,,,,,827047000.0,0.32,1.58,,0.4115,,,,,12.1052,,,,12.1052,,,,,,18.6771,,27.1486,,,,0.8793,,27.1486,,96.115,25.74,30.8752,,,,,,,,,24.7401,0.0404,,,,,,,0.8793,0.8793,691858000.0,18.5731,,,,,,,,,,1.5365,0.1535,2.5255,,,-48.9296,0.0,25.4709,100.7533,21.5478,21.5478,,,100.7533
78,600000.SH,19991106,19961231,,,4.2163,4.2163,0.0217,0.323,0.2352,,,,,,,,,,0.1293,-699290000.0,,,,,,,,,,,,,558182000.0,0.63,1.58,,0.5582,,,,,14.921,,,,14.921,,,,,,23.246,,,,,,,,,,97.5719,41.1845,,,,,,,,,,40.1842,0.0249,,,,,,,,,555041000.0,23.4356,,,,,,,,,,,,,,,,,,,,,,,
